{
    "$schema": "https://schema.management.azure.com/schemas/2015-01-01/deploymentTemplate.json#",
    "contentVersion": "1.0.0.0",
    "parameters": {},
    "variables": {
        "appStorageAccountName": "[toLower(concat('stoapp',uniqueString(subscription().subscriptionId, resourceGroup().id)))]",
        "appStorageAccountId": "[concat(resourceGroup().id,'/providers/','Microsoft.Storage/storageAccounts/', variables('appStorageAccountName'))]",
        "dataStorageAccountName": "[toLower(concat('stodata',uniqueString(subscription().subscriptionId, resourceGroup().id)))]",
        "dataStorageAccountId": "[concat(resourceGroup().id,'/providers/','Microsoft.Storage/storageAccounts/', variables('dataStorageAccountName'))]",
        "hostingPlanName": "app-reqrep",
        "functionAppName": "[concat('fapp-reqrep-',uniqueString(subscription().subscriptionId, resourceGroup().id))]",
        "serviceBusNamespace": "[toLower(concat('sb-reqrep-',uniqueString(subscription().subscriptionId, resourceGroup().id)))]"
    },
    "resources": [
        {
            "name": "[variables('serviceBusNamespace')]",
            "type": "Microsoft.ServiceBus/namespaces",
            "apiVersion": "2017-04-01",
            "location": "[resourceGroup().location]",
            "sku": {
              "name": "Basic",
              "tier": "Basic"
            },
            "properties": { },
            "resources": [
                {
                    "name": "outqueue",
                    "type": "queues",
                    "apiVersion": "2017-04-01",
                    "dependsOn": [
                        "[variables('serviceBusNamespace')]"
                    ],
                    "properties": {
                      "DefaultMessageTimeToLive": "P14D"
                    }
                  }
            ]
        },
        {
            "name": "[variables('appStorageAccountName')]",
            "type": "Microsoft.Storage/storageAccounts",
            "apiVersion": "2019-04-01",
            "sku": {
              "name": "Standard_RAGRS"
            },
            "kind": "StorageV2",
            "location": "[resourceGroup().location]",
            "properties": {},
            "resources": []
          },
          {
            "name": "[variables('dataStorageAccountName')]",
            "type": "Microsoft.Storage/storageAccounts",
            "apiVersion": "2019-04-01",
            "sku": {
              "name": "Standard_RAGRS"
            },
            "kind": "StorageV2",
            "location": "[resourceGroup().location]",
            "properties": {},
            "resources": [
                {
                    "name": "default/data",
                    "type": "blobServices/containers",
                    "apiVersion": "2018-07-01",
                    "dependsOn": [
                        "[variables('dataStorageAccountName')]"
                    ]
                }                
            ]
          },

          {
            "type": "Microsoft.Web/serverfarms",
            "apiVersion": "2018-02-01",
            "name": "[variables('hostingPlanName')]",
            "location": "[resourceGroup().location]",
            "sku": {
              "name": "Y1",
              "tier": "Dynamic"
            },
            "properties": {
              "name": "[variables('hostingPlanName')]",
              "computeMode": "Dynamic"
            }
          },
          {
            "apiVersion": "2015-08-01",
            "type": "Microsoft.Web/sites",
            "name": "[variables('functionAppName')]",
            "location": "[resourceGroup().location]",
            "kind": "functionapp",
            "dependsOn": [
              "[resourceId('Microsoft.Web/serverfarms', variables('hostingPlanName'))]",
              "[resourceId('Microsoft.Storage/storageAccounts', variables('appStorageAccountName'))]",
              "[resourceId('Microsoft.Storage/storageAccounts', variables('dataStorageAccountName'))]",
              "[resourceId('Microsoft.ServiceBus/namespaces', variables('serviceBusNamespace'))]"
            ],
            "properties": {
              "serverFarmId": "[resourceId('Microsoft.Web/serverfarms', variables('hostingPlanName'))]",
              "siteConfig": {
                "appSettings": [
                  {
                    "name": "AzureWebJobsDashboard",
                    "value": "[concat('DefaultEndpointsProtocol=https;AccountName=', variables('appStorageAccountName'), ';AccountKey=', listKeys(variables('appStorageAccountId'),'2015-05-01-preview').key1)]"
                  },
                  {
                    "name": "AzureWebJobsStorage",
                    "value": "[concat('DefaultEndpointsProtocol=https;AccountName=', variables('appStorageAccountName'), ';AccountKey=', listKeys(variables('appStorageAccountId'),'2015-05-01-preview').key1)]"
                  },
                  {
                    "name": "WEBSITE_CONTENTAZUREFILECONNECTIONSTRING",
                    "value": "[concat('DefaultEndpointsProtocol=https;AccountName=', variables('appStorageAccountName'), ';AccountKey=', listKeys(variables('appStorageAccountId'),'2015-05-01-preview').key1)]"
                  },
                  {
                    "name": "WEBSITE_CONTENTSHARE",
                    "value": "[toLower(variables('functionAppName'))]"
                  },
                  {
                    "name": "FUNCTIONS_EXTENSION_VERSION",
                    "value": "~4"
                  },
                  {
                    "name": "WEBSITE_NODE_DEFAULT_VERSION",
                    "value": "8.11.1"
                  },
                  {
                    "name": "FUNCTIONS_WORKER_RUNTIME",
                    "value": "dotnet"
                  },
                  {
                      "name": "ServiceBusConnectionAppSetting",
                      "value": "[listKeys(resourceId(concat('Microsoft.ServiceBus/namespaces/AuthorizationRules'),variables('serviceBusNamespace'),'RootManageSharedAccessKey'),'2015-08-01').primaryConnectionString]"
                  },
                  {
                      "name": "StorageConnectionAppSetting",
                      "value": "[concat('DefaultEndpointsProtocol=https;AccountName=', variables('dataStorageAccountName'), ';AccountKey=', listKeys(variables('dataStorageAccountId'),'2015-05-01-preview').key1)]"
                  }
                ]
              }
            }
          }
        ],
    "outputs": {
      "functionAppName": {
        "type": "string",
        "value": "[variables('functionAppName')]"
      }
    }
}